ADM2_EN,ADM2_PCODE,ADM1_EN,ADM1_PCODE,ADM0_EN,ADM0_PCODE,Total,Male,Female,T_00_04,T_05_09,T_10_14,T_15_17,T_18_19,T_20_24,T_25_29,T_30_34,T_35_39,T_40_44,T_45_49,T_50_54,T_55_59,T_60_64,T_65plus,M_00_04,M_05_09,M_10_14,M_15_17,M_18_19,M_20_24,M_25_29,M_30_34,M_35_39,M_40_44,M_45_49,M_50_54,M_55_59,M_60_64,M_65plus,F_00_04,F_05_09,F_10_14,F_15_17,F_18_19,F_20_24,F_25_29,F_30_34,F_35_39,F_40_44,F_45_49,F_50_54,F_55_59,F_60_64,F_65plus
North Western,ET0101,Tigray,ET01,Ethiopia,ET,923343.00,459592.00,463751.00,123489.00,131769.00,138330.00,77806.00,29147.00,78029.00,61006.00,47921.00,49308.00,37250.00,34691.00,28275.00,21813.00,16570.00,47938.00,64905.00,69258.00,70983.00,39332.00,14733.00,39329.00,28207.00,23158.00,20138.00,18384.00,14362.00,13187.00,10688.00,8067.00,24849.00,58584.00,62509.00,67348.00,38476.00,14413.00,38696.00,32800.00,24762.00,29175.00,18864.00,20331.00,15088.00,11121.00,8505.00,23087.00
Central,ET0102,Tigray,ET01,Ethiopia,ET,1481017.00,727200.00,753816.00,198013.00,211287.00,221829.00,124726.00,46719.00,124947.00,97812.00,76876.00,79375.00,59761.00,55853.00,45437.00,34963.00,26572.00,76840.00,102647.00,109527.00,112214.00,62279.00,23330.00,62238.00,44730.00,36717.00,31920.00,29078.00,22729.00,20849.00,16903.00,12750.00,39284.00,95367.00,101758.00,109613.00,62442.00,23390.00,62709.00,53079.00,40158.00,47453.00,30685.00,33122.00,24588.00,18059.00,13824.00,37557.00
Eastern,ET0103,Tigray,ET01,Ethiopia,ET,1048223.00,500832.00,547392.00,138524.00,147808.00,154917.00,89293.00,33449.00,89636.00,71850.00,55782.00,56889.00,42061.00,39268.00,31609.00,24661.00,18647.00,53827.00,70111.00,74810.00,76171.00,43392.00,16254.00,42954.00,31917.00,26107.00,22629.00,19899.00,15689.00,14138.00,11458.00,8604.00,26696.00,68414.00,72998.00,78747.00,45902.00,17194.00,46682.00,39937.00,29674.00,34259.00,22162.00,23579.00,17468.00,13201.00,10041.00,27130.00
Southern,ET0104,Tigray,ET01,Ethiopia,ET,793136.00,390086.00,403052.00,105211.00,112263.00,117615.00,67426.00,25256.00,67609.00,53862.00,41980.00,42801.00,31854.00,29663.00,23974.00,18654.00,14120.00,40843.00,54685.00,58353.00,59479.00,33730.00,12634.00,33445.00,24708.00,20224.00,17538.00,15514.00,12215.00,11044.00,8950.00,6724.00,20840.00,50527.00,53913.00,58136.00,33696.00,12623.00,34167.00,29153.00,21758.00,25263.00,16343.00,17448.00,12932.00,9706.00,7394.00,20003.00
Western,ET0105,Tigray,ET01,Ethiopia,ET,467890.00,241190.00,226699.00,61853.00,65999.00,68892.00,40100.00,15023.00,40141.00,32356.00,25149.00,25263.00,18711.00,17293.00,13944.00,10940.00,8253.00,23972.00,33588.00,35840.00,36348.00,21046.00,7885.00,20716.00,15700.00,12814.00,11090.00,9542.00,7569.00,6741.00,5463.00,4091.00,12752.00,28264.00,30157.00,32543.00,19057.00,7137.00,19427.00,16653.00,12334.00,14174.00,9170.00,9727.00,7201.00,5472.00,4161.00,11222.00
South Eastern,ET0106,Tigray,ET01,Ethiopia,ET,451059.00,223168.00,227893.00,61721.00,65859.00,69490.00,36961.00,13844.00,36850.00,27333.00,22111.00,23713.00,18443.00,17416.00,14425.00,10739.00,8256.00,23901.00,32068.00,34217.00,35518.00,18629.00,6977.00,19011.00,12648.00,10474.00,9170.00,9053.00,6940.00,6613.00,5362.00,4083.00,12404.00,29652.00,31642.00,33975.00,18332.00,6868.00,17838.00,14687.00,11635.00,14541.00,9393.00,10476.00,7814.00,5376.00,4174.00,11494.00
Mekelle,ET0107,Tigray,ET01,Ethiopia,ET,520930.00,263498.00,257432.00,61155.00,65255.00,66068.00,50315.00,18847.00,51232.00,49501.00,35201.00,30685.00,19500.00,17009.00,12298.00,11654.00,8258.00,23952.00,33498.00,35743.00,33617.00,25725.00,9636.00,23128.00,23241.00,18473.00,15638.00,9706.00,8461.00,6169.00,4987.00,3509.00,11967.00,27658.00,29512.00,32451.00,24589.00,9211.00,28105.00,26260.00,16727.00,15046.00,9794.00,8547.00,6129.00,6667.00,4749.00,11984.00
Awsi /Zone 1,ET0201,Afar,ET02,Ethiopia,ET,691336.00,368984.00,322352.00,110104.00,117486.00,87730.00,52707.00,19743.00,60471.00,58886.00,43601.00,38925.00,28669.00,20721.00,16215.00,10989.00,8029.00,17058.00,60460.00,64511.00,48208.00,29841.00,11177.00,27268.00,26345.00,21817.00,21120.00,17042.00,11535.00,8055.00,6805.00,4823.00,9971.00,49643.00,52970.00,39521.00,22864.00,8565.00,33200.00,32542.00,21783.00,17809.00,11627.00,9184.00,8159.00,4186.00,3208.00,7086.00
Kilbati /Zone2,ET0202,Afar,ET02,Ethiopia,ET,513987.00,280566.00,233423.00,85884.00,91642.00,69023.00,39551.00,14815.00,41238.00,38718.00,31556.00,26870.00,20483.00,15617.00,11661.00,8303.00,5768.00,12860.00,47672.00,50871.00,39157.00,23355.00,8747.00,20144.00,16542.00,15856.00,14142.00,12353.00,8749.00,6224.00,5275.00,3334.00,8143.00,38210.00,40769.00,29868.00,16195.00,6066.00,21094.00,22175.00,15701.00,12728.00,8129.00,6866.00,5440.00,3026.00,2434.00,4715.00
Gabi /Zone 3,ET0203,Afar,ET02,Ethiopia,ET,308903.00,165422.00,143481.00,47685.00,50881.00,37731.00,23417.00,8772.00,28323.00,28219.00,19801.00,18234.00,13167.00,9192.00,7376.00,4875.00,3685.00,7548.00,26414.00,28184.00,20595.00,13108.00,4911.00,12467.00,13228.00,10079.00,10247.00,7885.00,5181.00,3572.00,3011.00,2298.00,4242.00,21270.00,22696.00,17137.00,10309.00,3861.00,15854.00,14994.00,9723.00,7984.00,5281.00,4009.00,3803.00,1863.00,1387.00,3307.00
Fanti /Zone 4,ET0204,Afar,ET02,Ethiopia,ET,284032.00,157408.00,126623.00,48455.00,51704.00,39185.00,22016.00,8247.00,21958.00,19969.00,17176.00,14225.00,11099.00,8671.00,6373.00,4632.00,3113.00,7211.00,27262.00,29089.00,22726.00,13304.00,4984.00,11122.00,8224.00,8673.00,7354.00,6749.00,4903.00,3520.00,2990.00,1770.00,4739.00,21192.00,22614.00,16460.00,8713.00,3264.00,10836.00,11744.00,8504.00,6872.00,4347.00,3769.00,2854.00,1642.00,1343.00,2473.00
Hari /Zone 5,ET0205,Afar,ET02,Ethiopia,ET,217089.00,121230.00,95859.00,36484.00,38929.00,29398.00,16775.00,6285.00,17225.00,15970.00,13248.00,11203.00,8625.00,6608.00,4913.00,3530.00,2420.00,5479.00,20714.00,22103.00,17089.00,10135.00,3798.00,8663.00,6910.00,6800.00,5982.00,5299.00,3779.00,2695.00,2286.00,1419.00,3555.00,15768.00,16826.00,12307.00,6640.00,2486.00,8563.00,9059.00,6446.00,5221.00,3329.00,2826.00,2217.00,1244.00,1002.00,1923.00
North Gondar,ET0301,Amhara,ET03,Ethiopia,ET,923903.00,462598.00,461308.00,115181.00,122903.00,131218.00,76011.00,28473.00,72707.00,73060.00,50485.00,52284.00,37616.00,36437.00,30284.00,24871.00,22757.00,49616.00,59102.00,63066.00,68547.00,39332.00,14734.00,35047.00,35057.00,24580.00,23394.00,19337.00,17351.00,13567.00,12389.00,11154.00,25942.00,56076.00,59836.00,62673.00,36678.00,13741.00,37661.00,38001.00,25903.00,28890.00,18281.00,19088.00,16716.00,12483.00,11604.00,23674.00
South Gondar,ET0302,Amhara,ET03,Ethiopia,ET,2626276.00,1328068.00,1298208.00,327010.00,348932.00,372269.00,216146.00,80969.00,207399.00,208715.00,144081.00,148705.00,106997.00,103491.00,85911.00,70503.00,64483.00,140668.00,169173.00,180508.00,195874.00,112939.00,42306.00,101452.00,101796.00,71193.00,67404.00,55543.00,49774.00,38857.00,35374.00,31825.00,74043.00,157841.00,168421.00,176397.00,103205.00,38661.00,105946.00,106925.00,72891.00,81303.00,51454.00,53717.00,47049.00,35131.00,32655.00,66624.00
North Wello,ET0303,Amhara,ET03,Ethiopia,ET,1812677.00,908149.00,904528.00,224750.00,239817.00,255769.00,149487.00,55995.00,144592.00,145487.00,100045.00,102888.00,73793.00,71357.00,59146.00,48491.00,44307.00,96750.00,115338.00,123068.00,133317.00,77245.00,28937.00,69944.00,70390.00,49101.00,46255.00,38003.00,34010.00,26509.00,24061.00,21632.00,50339.00,109414.00,116750.00,122452.00,72240.00,27061.00,74648.00,75093.00,50945.00,56633.00,35786.00,37344.00,32638.00,24430.00,22673.00,46410.00
South Wello,ET0304,Amhara,ET03,Ethiopia,ET,3392048.00,1680307.00,1711738.00,418107.00,446132.00,475609.00,280542.00,105091.00,274327.00,275939.00,188756.00,193147.00,137940.00,133323.00,110275.00,90290.00,82388.00,180181.00,212513.00,226760.00,245069.00,142962.00,53554.00,130887.00,132257.00,91935.00,86010.00,70378.00,62865.00,48891.00,44178.00,39679.00,92378.00,205593.00,219375.00,230547.00,137579.00,51536.00,143439.00,143680.00,96817.00,107142.00,67561.00,70459.00,61383.00,46112.00,42706.00,87805.00
North Shewa (AM),ET0305,Amhara,ET03,Ethiopia,ET,2397474.00,1208929.00,1188542.00,295162.00,314945.00,335909.00,198630.00,74406.00,194506.00,195550.00,133595.00,136304.00,97511.00,94085.00,77677.00,63738.00,58114.00,127347.00,152809.00,163052.00,176159.00,102858.00,38531.00,94311.00,95357.00,66254.00,61921.00,50642.00,45221.00,35157.00,31753.00,28516.00,66390.00,142353.00,151896.00,159754.00,95768.00,35874.00,100197.00,100195.00,67344.00,74382.00,46872.00,48865.00,42515.00,31984.00,29598.00,60958.00
East Gojam,ET0306,Amhara,ET03,Ethiopia,ET,2780562.00,1374367.00,1406193.00,345448.00,368608.00,392976.00,228842.00,85722.00,220672.00,222174.00,153094.00,157965.00,113203.00,109630.00,91051.00,74518.00,68147.00,148511.00,174745.00,186461.00,202118.00,116894.00,43788.00,105524.00,106075.00,74065.00,69908.00,57500.00,51487.00,40152.00,36486.00,32815.00,76351.00,170705.00,182145.00,190854.00,111949.00,41937.00,115149.00,116098.00,79032.00,88056.00,55699.00,58144.00,50897.00,38030.00,35333.00,72160.00
West Gojam,ET0307,Amhara,ET03,Ethiopia,ET,3050635.00,1529113.00,1521522.00,369781.00,394570.00,420598.00,254950.00,95504.00,256414.00,257531.00,173583.00,174454.00,123798.00,119067.00,97580.00,80015.00,72637.00,160154.00,191179.00,203995.00,219023.00,130199.00,48772.00,122757.00,125376.00,86360.00,79317.00,64195.00,57045.00,44092.00,39373.00,35254.00,82178.00,178604.00,190573.00,201577.00,124752.00,46734.00,133657.00,132156.00,87226.00,95136.00,59597.00,62023.00,53489.00,40641.00,37383.00,77975.00
Wag Hamra,ET0308,Amhara,ET03,Ethiopia,ET,533877.00,266490.00,267388.00,67126.00,71625.00,76422.00,43657.00,16353.00,41141.00,41435.00,28880.00,30164.00,21774.00,21132.00,17643.00,14461.00,13268.00,28798.00,34192.00,36484.00,39749.00,22652.00,8484.00,19950.00,19866.00,13985.00,13408.00,11129.00,10004.00,7842.00,7191.00,6482.00,15068.00,32934.00,35142.00,36675.00,21007.00,7870.00,21191.00,21567.00,14895.00,16756.00,10643.00,11127.00,9800.00,7272.00,6786.00,13729.00
Awi,ET0309,Amhara,ET03,Ethiopia,ET,1416328.00,710256.00,706068.00,170495.00,181926.00,193870.00,118826.00,44512.00,120881.00,121369.00,81345.00,81186.00,57424.00,55140.00,45030.00,36919.00,33446.00,73958.00,88355.00,94274.00,100926.00,60497.00,22662.00,57759.00,59254.00,40660.00,37055.00,29848.00,26464.00,20398.00,18120.00,16202.00,37789.00,82144.00,87649.00,92948.00,58332.00,21848.00,63122.00,62117.00,40684.00,44131.00,27576.00,28675.00,24631.00,18798.00,17246.00,36170.00
Oromia,ET0310,Amhara,ET03,Ethiopia,ET,596688.00,296051.00,300638.00,73217.00,78125.00,83293.00,49492.00,18539.00,48766.00,49023.00,33396.00,34016.00,24247.00,23410.00,19315.00,15825.00,14418.00,31603.00,37338.00,39839.00,42986.00,25195.00,9436.00,23236.00,23544.00,16326.00,15204.00,12407.00,11067.00,8594.00,7745.00,6949.00,16188.00,35880.00,38288.00,40306.00,24300.00,9103.00,25532.00,25479.00,17069.00,18813.00,11842.00,12341.00,10721.00,8080.00,7469.00,15416.00
Central Gondar,ET0311,Amhara,ET03,Ethiopia,ET,2875609.00,1445423.00,1430186.00,346188.00,369397.00,394322.00,241634.00,90514.00,245290.00,245605.00,164523.00,164463.00,116483.00,111889.00,91352.00,75149.00,68068.00,150730.00,180473.00,192571.00,206597.00,123085.00,46106.00,116441.00,119063.00,81927.00,75092.00,60700.00,53904.00,41632.00,37129.00,33231.00,77475.00,165716.00,176827.00,187727.00,118552.00,44411.00,128854.00,126542.00,82599.00,89374.00,55784.00,57985.00,49718.00,38018.00,34838.00,73256.00
West Gondar,ET0312,Amhara,ET03,Ethiopia,ET,402213.00,215845.00,186369.00,48794.00,52065.00,55558.00,33703.00,12624.00,33799.00,33951.00,22888.00,22844.00,16354.00,15639.00,12757.00,10533.00,9549.00,21154.00,26992.00,28802.00,30927.00,18379.00,6885.00,17319.00,17683.00,12182.00,11193.00,9061.00,8053.00,6224.00,5559.00,4979.00,11606.00,21803.00,23265.00,24631.00,15325.00,5740.00,16484.00,16268.00,10706.00,11651.00,7294.00,7587.00,6532.00,4973.00,4569.00,9549.00
West Wellega,ET0401,Oromia,ET04,Ethiopia,ET,1951700.00,963607.00,988091.00,298956.00,318996.00,297674.00,151537.00,56764.00,143551.00,140285.00,106992.00,113516.00,75185.00,57348.00,47549.00,36774.00,33917.00,72661.00,153249.00,163522.00,146979.00,78547.00,29419.00,67612.00,63219.00,49949.00,52759.00,37390.00,28027.00,21243.00,19971.00,16316.00,35412.00,145707.00,155474.00,150698.00,72992.00,27345.00,75940.00,77063.00,57042.00,60753.00,37799.00,29323.00,26308.00,16807.00,17601.00,37250.00
East Wellega,ET0402,Oromia,ET04,Ethiopia,ET,1763496.00,874544.00,888955.00,267517.00,285450.00,266540.00,138063.00,51718.00,132651.00,129566.00,97521.00,102901.00,67875.00,51818.00,42846.00,33054.00,30535.00,65443.00,137777.00,147017.00,132170.00,71523.00,26795.00,62450.00,59095.00,46081.00,48251.00,33977.00,25520.00,19243.00,18003.00,14737.00,31911.00,129741.00,138437.00,134367.00,66537.00,24927.00,70201.00,70470.00,51441.00,54648.00,33901.00,26304.00,23603.00,15051.00,15794.00,33532.00
Ilu Aba Bora,ET0403,Oromia,ET04,Ethiopia,ET,989638.00,491384.00,498257.00,151482.00,161637.00,150812.00,76932.00,28816.00,72945.00,71235.00,54265.00,57549.00,38117.00,29075.00,24093.00,18648.00,17190.00,36836.00,78107.00,83348.00,74914.00,40061.00,15008.00,34510.00,32287.00,25495.00,26914.00,19063.00,14294.00,10830.00,10177.00,8315.00,18054.00,73373.00,78289.00,75903.00,36873.00,13814.00,38434.00,38949.00,28773.00,30635.00,19049.00,14777.00,13260.00,8469.00,8872.00,18784.00
Jimma,ET0404,Oromia,ET04,Ethiopia,ET,3806252.00,1918842.00,1887414.00,585884.00,625158.00,582733.00,294982.00,110498.00,277202.00,270367.00,207480.00,220691.00,146669.00,111775.00,92636.00,72042.00,66214.00,141919.00,306669.00,327228.00,294079.00,156130.00,58486.00,133381.00,123914.00,98602.00,104635.00,74400.00,55715.00,42344.00,39899.00,32568.00,70777.00,279214.00,297930.00,288653.00,138853.00,52012.00,143819.00,146455.00,108877.00,116057.00,72266.00,56061.00,50292.00,32144.00,33646.00,71139.00
West Shewa,ET0405,Oromia,ET04,Ethiopia,ET,2885953.00,1433549.00,1452403.00,438857.00,468272.00,437130.00,225462.00,84458.00,215835.00,210953.00,159303.00,168280.00,111116.00,84816.00,70146.00,54174.00,50008.00,107149.00,226224.00,241385.00,217009.00,117172.00,43892.00,102054.00,96371.00,75316.00,78986.00,55676.00,41805.00,31554.00,29546.00,24183.00,52372.00,212630.00,226890.00,220127.00,108290.00,40565.00,113778.00,114586.00,83984.00,89297.00,55435.00,43012.00,38596.00,24623.00,25822.00,54774.00
North Shewa (OR),ET0406,Oromia,ET04,Ethiopia,ET,1686805.00,837975.00,848829.00,259343.00,276727.00,258107.00,130744.00,48976.00,123161.00,120096.00,92025.00,97879.00,64978.00,49533.00,41101.00,31874.00,29350.00,62913.00,133955.00,142936.00,128456.00,68179.00,25541.00,58225.00,54073.00,43044.00,45685.00,32491.00,24331.00,18494.00,17426.00,14222.00,30913.00,125384.00,133790.00,129652.00,62563.00,23436.00,64941.00,66020.00,48983.00,52194.00,32483.00,25200.00,22610.00,14446.00,15127.00,31997.00
East Shewa,ET0407,Oromia,ET04,Ethiopia,ET,2387668.00,1202877.00,1184791.00,332979.00,355300.00,333928.00,199445.00,74710.00,212462.00,206805.00,141517.00,143132.00,91207.00,70171.00,56787.00,42789.00,40129.00,86302.00,175183.00,186923.00,168417.00,100981.00,37827.00,97830.00,100091.00,71598.00,70412.00,47193.00,35977.00,26054.00,23480.00,19533.00,41382.00,157800.00,168375.00,165510.00,98465.00,36883.00,114632.00,106717.00,69919.00,72720.00,44012.00,34196.00,30735.00,19312.00,20595.00,44921.00
Arsi,ET0408,Oromia,ET04,Ethiopia,ET,3787581.00,1887217.00,1900364.00,578473.00,617248.00,575946.00,295042.00,110521.00,280638.00,274037.00,208118.00,220411.00,145864.00,111277.00,92125.00,71295.00,65731.00,140856.00,299281.00,319340.00,287049.00,153983.00,57686.00,133131.00,124945.00,98320.00,103570.00,73253.00,54943.00,41578.00,39031.00,31915.00,69205.00,279190.00,297905.00,288897.00,141054.00,52842.00,147510.00,149096.00,109801.00,116839.00,72614.00,56331.00,50545.00,32270.00,33823.00,71658.00
West Hararge,ET0409,Oromia,ET04,Ethiopia,ET,2657825.00,1348784.00,1309038.00,411101.00,438658.00,408627.00,205139.00,76842.00,191249.00,186773.00,144335.00,153865.00,102494.00,78076.00,64723.00,50458.00,46299.00,99189.00,216224.00,230717.00,207329.00,109627.00,41065.00,93208.00,86238.00,68933.00,73362.00,52277.00,39123.00,29783.00,28106.00,22924.00,49867.00,194876.00,207941.00,201301.00,95510.00,35775.00,98044.00,100538.00,75404.00,80500.00,50214.00,38948.00,34939.00,22355.00,23374.00,49321.00
East Hararge,ET0410,Oromia,ET04,Ethiopia,ET,3867023.00,1941698.00,1925324.00,599453.00,639641.00,595969.00,297655.00,111498.00,276654.00,270317.00,209606.00,223792.00,149148.00,113604.00,94322.00,73445.00,67447.00,144458.00,312076.00,332996.00,299220.00,157675.00,59063.00,133510.00,123092.00,98773.00,105384.00,75229.00,56278.00,42904.00,40529.00,33049.00,71932.00,287378.00,306647.00,296752.00,139986.00,52438.00,143147.00,147231.00,110833.00,118405.00,73917.00,57328.00,51426.00,32915.00,34402.00,72530.00
Bale,ET0411,Oromia,ET04,Ethiopia,ET,1407186.00,710952.00,696231.00,213445.00,227752.00,212529.00,110393.00,41354.00,106021.00,103357.00,77740.00,82010.00,54150.00,41326.00,34119.00,26419.00,24349.00,52215.00,112056.00,119567.00,107494.00,58132.00,21777.00,50730.00,47970.00,37433.00,39213.00,27618.00,20742.00,15641.00,14644.00,11985.00,25950.00,101389.00,108184.00,105037.00,52258.00,19574.00,55295.00,55384.00,40307.00,42800.00,26533.00,20586.00,18474.00,11777.00,12364.00,26266.00
Borena,ET0412,Oromia,ET04,Ethiopia,ET,564765.00,282630.00,282134.00,87199.00,93044.00,86726.00,43596.00,16330.00,40778.00,39865.00,30740.00,32744.00,21777.00,16595.00,13765.00,10697.00,9836.00,21067.00,45237.00,48270.00,43380.00,22983.00,8610.00,19590.00,18165.00,14484.00,15393.00,10956.00,8203.00,6239.00,5882.00,4799.00,10438.00,41960.00,44773.00,43347.00,20613.00,7722.00,21188.00,21703.00,16255.00,17351.00,10819.00,8393.00,7525.00,4815.00,5036.00,10632.00
South West Shewa,ET0413,Oromia,ET04,Ethiopia,ET,1311406.00,656265.00,655138.00,201301.00,214796.00,200315.00,101795.00,38132.00,96090.00,93763.00,71688.00,76144.00,50522.00,38518.00,31921.00,24766.00,22799.00,48856.00,104619.00,111634.00,100331.00,53450.00,20022.00,45839.00,42728.00,33875.00,35862.00,25455.00,19072.00,14477.00,13620.00,11125.00,24161.00,96684.00,103162.00,99983.00,48348.00,18109.00,50249.00,51033.00,37813.00,40285.00,25066.00,19446.00,17445.00,11145.00,11671.00,24696.00
Guji,ET0414,Oromia,ET04,Ethiopia,ET,1539071.00,770786.00,768282.00,235594.00,251385.00,234477.00,119656.00,44821.00,113394.00,110839.00,84443.00,89506.00,59299.00,45227.00,37437.00,29018.00,26721.00,57249.00,122353.00,130557.00,117349.00,62870.00,23548.00,54274.00,50871.00,40087.00,42268.00,29914.00,22430.00,16986.00,15954.00,13042.00,28284.00,113244.00,120832.00,117126.00,56788.00,21275.00,59122.00,59966.00,44357.00,47240.00,29383.00,22796.00,20450.00,13062.00,13684.00,28963.00
West Guji,ET0415,Oromia,ET04,Ethiopia,ET,1263044.00,629429.00,633615.00,196697.00,209884.00,195536.00,96803.00,36261.00,89344.00,87297.00,68153.00,72987.00,48729.00,37103.00,30867.00,24040.00,22073.00,47272.00,101690.00,108509.00,97487.00,51016.00,19111.00,42840.00,39211.00,31717.00,34015.00,24371.00,18208.00,13922.00,13184.00,10739.00,23410.00,95008.00,101379.00,98050.00,45787.00,17152.00,46503.00,48085.00,36436.00,38971.00,24360.00,18891.00,16943.00,10851.00,11335.00,23862.00
Buno Bedele,ET0416,Oromia,ET04,Ethiopia,ET,837125.00,417674.00,419448.00,129532.00,138216.00,128829.00,64530.00,24173.00,60172.00,58746.00,45428.00,48473.00,32274.00,24588.00,20424.00,15877.00,14594.00,31269.00,67094.00,71593.00,64331.00,33921.00,12706.00,28747.00,26523.00,21265.00,22679.00,16185.00,12108.00,9227.00,8717.00,7108.00,15465.00,62439.00,66626.00,64496.00,30605.00,11464.00,31423.00,32221.00,24161.00,25796.00,16089.00,12479.00,11194.00,7164.00,7490.00,15801.00
West Arsi,ET0417,Oromia,ET04,Ethiopia,ET,2996669.00,1469914.00,1526756.00,450058.00,480227.00,448939.00,236204.00,88479.00,230260.00,225134.00,167332.00,175609.00,115250.00,88096.00,72716.00,55804.00,51718.00,110841.00,229213.00,244579.00,219944.00,120646.00,45194.00,106932.00,102424.00,78808.00,81766.00,57183.00,43034.00,32274.00,30052.00,24652.00,53216.00,220845.00,235648.00,228998.00,115562.00,43288.00,123327.00,122708.00,88522.00,93842.00,58067.00,45062.00,40439.00,25753.00,27068.00,57623.00
Kelem Wellega,ET0418,Oromia,ET04,Ethiopia,ET,1183360.00,590518.00,592838.00,181979.00,194178.00,181073.00,91640.00,34327.00,86259.00,84307.00,64642.00,68708.00,45610.00,34773.00,28827.00,22362.00,20585.00,44094.00,94192.00,100506.00,90329.00,48087.00,18010.00,41200.00,38375.00,30450.00,32253.00,22903.00,17158.00,13022.00,12262.00,10014.00,21749.00,87785.00,93670.00,90742.00,43559.00,16315.00,45057.00,45931.00,34192.00,36456.00,22705.00,17614.00,15800.00,10101.00,10573.00,22343.00
Horo Gudru Wellega,ET0419,Oromia,ET04,Ethiopia,ET,827762.00,411555.00,416207.00,123939.00,132247.00,123605.00,65486.00,24532.00,64079.00,62582.00,46323.00,48523.00,31825.00,24326.00,20044.00,15405.00,14265.00,30582.00,64003.00,68296.00,61422.00,33810.00,12666.00,30083.00,28902.00,22165.00,22941.00,16016.00,12060.00,9032.00,8396.00,6895.00,14868.00,59934.00,63954.00,62183.00,31678.00,11867.00,33994.00,33677.00,24155.00,25581.00,15808.00,12267.00,11013.00,7008.00,7369.00,15713.00
Finfine Special,ET0420,Oromia,ET04,Ethiopia,ET,1113558.00,574976.00,538580.00,154110.00,164442.00,154471.00,93267.00,34937.00,99993.00,98146.00,66796.00,67104.00,42613.00,32827.00,26385.00,19879.00,18630.00,39960.00,82358.00,87882.00,79220.00,48521.00,18176.00,47909.00,49651.00,35015.00,34048.00,22605.00,17282.00,12414.00,11101.00,9270.00,19539.00,71751.00,76559.00,75253.00,44747.00,16760.00,52083.00,48495.00,31782.00,33060.00,20007.00,15546.00,13974.00,8778.00,9363.00,20420.00
East Bale,ET0421,Oromia,ET04,Ethiopia,ET,554232.00,312927.00,241305.00,85908.00,91666.00,85049.00,43217.00,16189.00,40020.00,38633.00,29846.00,31821.00,21358.00,16230.00,13339.00,10638.00,9626.00,20689.00,50294.00,53664.00,48223.00,25410.00,9516.00,21516.00,19837.00,15918.00,16985.00,12124.00,9068.00,6914.00,6531.00,5325.00,11592.00,35612.00,38000.00,36828.00,17807.00,6671.00,18504.00,18795.00,13928.00,14838.00,9234.00,7162.00,6425.00,4107.00,4300.00,9096.00
Siti,ET0501,Somali,ET05,Ethiopia,ET,661463.00,350967.00,310496.00,119418.00,127423.00,109688.00,49367.00,18491.00,40492.00,40597.00,33602.00,28885.00,27638.00,16969.00,19326.00,7838.00,8409.00,13315.00,64923.00,69276.00,63200.00,25960.00,9726.00,18456.00,17401.00,17049.00,14273.00,14799.00,7557.00,10016.00,4615.00,5019.00,8696.00,54493.00,58148.00,46488.00,23406.00,8768.00,22038.00,23195.00,16553.00,14614.00,12839.00,9411.00,9308.00,3225.00,3391.00,4620.00
Fafan,ET0502,Somali,ET05,Ethiopia,ET,1284307.00,681771.00,602533.00,227244.00,242477.00,208304.00,98685.00,36968.00,83063.00,80118.00,67181.00,56399.00,53933.00,33549.00,36950.00,15576.00,16916.00,26950.00,123956.00,132264.00,119436.00,52050.00,19496.00,38693.00,35001.00,34020.00,27462.00,29236.00,15324.00,19103.00,9124.00,9813.00,16785.00,103290.00,110215.00,88863.00,46635.00,17469.00,44368.00,45118.00,33163.00,28935.00,24698.00,18225.00,17847.00,6449.00,7103.00,10165.00
Jarar,ET0503,Somali,ET05,Ethiopia,ET,659981.00,350249.00,309734.00,118185.00,126107.00,108467.00,49850.00,18672.00,41331.00,40775.00,33929.00,28886.00,27631.00,17057.00,19163.00,7897.00,8513.00,13515.00,64339.00,68652.00,62374.00,26249.00,9830.00,19011.00,17618.00,17204.00,14189.00,14871.00,7678.00,9921.00,4641.00,5020.00,8658.00,53845.00,57457.00,46090.00,23603.00,8841.00,22319.00,23158.00,16732.00,14697.00,12763.00,9379.00,9242.00,3256.00,3492.00,4859.00
Erer,ET0504,Somali,ET05,Ethiopia,ET,276101.00,146497.00,129603.00,49846.00,53189.00,45784.00,20606.00,7721.00,16901.00,16946.00,14026.00,12057.00,11537.00,7083.00,8067.00,3272.00,3510.00,5557.00,27099.00,28916.00,26381.00,10834.00,4058.00,7703.00,7264.00,7117.00,5958.00,6177.00,3155.00,4181.00,1927.00,2095.00,3629.00,22746.00,24272.00,19402.00,9767.00,3658.00,9199.00,9681.00,6908.00,6098.00,5358.00,3929.00,3888.00,1345.00,1414.00,1928.00
Korahe,ET0505,Somali,ET05,Ethiopia,ET,527389.00,279899.00,247490.00,94218.00,100534.00,86450.00,39972.00,14971.00,33243.00,32646.00,27207.00,23097.00,22095.00,13660.00,15285.00,6327.00,6832.00,10851.00,51311.00,54750.00,49685.00,21049.00,7888.00,15334.00,14133.00,13791.00,11325.00,11906.00,6166.00,7912.00,3716.00,4015.00,6912.00,42907.00,45783.00,36765.00,18917.00,7087.00,17907.00,18511.00,13418.00,11773.00,10186.00,7492.00,7377.00,2608.00,2816.00,3941.00
Shabelle,ET0506,Somali,ET05,Ethiopia,ET,667698.00,354392.00,313309.00,118917.00,126888.00,109079.00,50830.00,19040.00,42440.00,41435.00,34603.00,29267.00,27993.00,17341.00,19305.00,8039.00,8695.00,13827.00,64796.00,69139.00,62644.00,26786.00,10034.00,19637.00,17995.00,17532.00,14320.00,15115.00,7858.00,9990.00,4718.00,5090.00,8743.00,54120.00,57749.00,46436.00,24044.00,9007.00,22804.00,23441.00,17064.00,14948.00,12880.00,9484.00,9318.00,3320.00,3606.00,5083.00
Doolo,ET0507,Somali,ET05,Ethiopia,ET,437226.00,231988.00,205237.00,78936.00,84226.00,72504.00,32632.00,12224.00,26768.00,26834.00,22211.00,19092.00,18268.00,11216.00,12774.00,5182.00,5557.00,8802.00,42914.00,45790.00,41775.00,17161.00,6429.00,12200.00,11503.00,11269.00,9433.00,9784.00,4996.00,6622.00,3052.00,3317.00,5749.00,36023.00,38435.00,30727.00,15472.00,5795.00,14567.00,15331.00,10942.00,9658.00,8487.00,6220.00,6152.00,2132.00,2241.00,3054.00
Afder,ET0508,Somali,ET05,Ethiopia,ET,672361.00,356751.00,315612.00,121385.00,129522.00,111496.00,50181.00,18796.00,41161.00,41265.00,34156.00,29361.00,28093.00,17249.00,19643.00,7969.00,8549.00,13534.00,65992.00,70417.00,64244.00,26389.00,9884.00,18762.00,17691.00,17332.00,14507.00,15042.00,7684.00,10182.00,4693.00,5101.00,8837.00,55394.00,59107.00,47255.00,23790.00,8913.00,22399.00,23578.00,16827.00,14855.00,13050.00,9567.00,9464.00,3276.00,3445.00,4694.00
Liban,ET0509,Somali,ET05,Ethiopia,ET,518873.00,273549.00,245324.00,93581.00,99855.00,85956.00,38763.00,14519.00,31841.00,31888.00,26398.00,22691.00,21669.00,13323.00,15156.00,6152.00,6609.00,10469.00,50610.00,54005.00,49274.00,20228.00,7575.00,14373.00,13559.00,13285.00,11125.00,11533.00,5886.00,7808.00,3596.00,3911.00,6779.00,42970.00,45853.00,36683.00,18534.00,6945.00,17468.00,18329.00,13114.00,11567.00,10137.00,7435.00,7347.00,2552.00,2697.00,3693.00
Nogob,ET0510,Somali,ET05,Ethiopia,ET,223037.00,118341.00,104695.00,40266.00,42967.00,36985.00,16645.00,6235.00,13654.00,13688.00,11330.00,9739.00,9320.00,5722.00,6517.00,2643.00,2835.00,4489.00,21891.00,23358.00,21310.00,8752.00,3279.00,6224.00,5868.00,5750.00,4813.00,4989.00,2549.00,3377.00,1556.00,1693.00,2932.00,18375.00,19607.00,15676.00,7893.00,2955.00,7431.00,7824.00,5577.00,4929.00,4331.00,3172.00,3140.00,1087.00,1144.00,1559.00
Daawa,ET0511,Somali,ET05,Ethiopia,ET,469370.00,249043.00,220327.00,84737.00,90419.00,77834.00,35032.00,13122.00,28735.00,28806.00,23844.00,20496.00,19612.00,12041.00,13714.00,5563.00,5967.00,9449.00,46070.00,49157.00,44845.00,18421.00,6901.00,13096.00,12349.00,12097.00,10128.00,10501.00,5364.00,7108.00,3274.00,3563.00,6170.00,38669.00,41261.00,32986.00,16608.00,6221.00,15638.00,16459.00,11745.00,10369.00,9110.00,6679.00,6607.00,2288.00,2405.00,3279.00
Metekel,ET0602,Benishangul Gumz,ET06,Ethiopia,ET,526774.00,264951.00,261821.00,77217.00,82394.00,69191.00,44285.00,16588.00,47666.00,46058.00,31391.00,33300.00,19217.00,16936.00,13767.00,7716.00,9266.00,11780.00,38791.00,41395.00,37249.00,21893.00,8200.00,22125.00,22914.00,15030.00,17344.00,9448.00,7937.00,7776.00,3594.00,4610.00,6647.00,38424.00,41002.00,31942.00,22392.00,8388.00,25541.00,23144.00,16363.00,15954.00,9768.00,8998.00,5993.00,4122.00,4658.00,5133.00
Asosa,ET0603,Benishangul Gumz,ET06,Ethiopia,ET,437079.00,223886.00,213192.00,65033.00,69393.00,58026.00,36424.00,13644.00,38081.00,36753.00,25605.00,27661.00,15889.00,14422.00,11733.00,6590.00,7912.00,9916.00,33250.00,35476.00,31904.00,18437.00,6906.00,18046.00,18623.00,12367.00,14676.00,7771.00,6753.00,6817.00,3135.00,4014.00,5714.00,31786.00,33914.00,26123.00,17985.00,6736.00,20035.00,18131.00,13236.00,12984.00,8119.00,7669.00,4917.00,3456.00,3901.00,4199.00
Kemashi,ET0604,Benishangul Gumz,ET06,Ethiopia,ET,165920.00,85629.00,80290.00,24332.00,25963.00,21822.00,13928.00,5217.00,14962.00,14490.00,9883.00,10498.00,6069.00,5344.00,4342.00,2428.00,2919.00,3720.00,12516.00,13355.00,12019.00,7079.00,2653.00,7178.00,7439.00,4872.00,5605.00,3063.00,2563.00,2503.00,1157.00,1485.00,2145.00,11816.00,12606.00,9803.00,6850.00,2565.00,7784.00,7050.00,5013.00,4892.00,3007.00,2782.00,1840.00,1269.00,1433.00,1576.00
Mao Komo Special,ET0605,Benishangul Gumz,ET06,Ethiopia,ET,75181.00,37639.00,37543.00,11436.00,12202.00,10113.00,6192.00,2319.00,6199.00,5946.00,4295.00,4757.00,2713.00,2578.00,2091.00,1186.00,1420.00,1734.00,5724.00,6108.00,5487.00,3082.00,1154.00,2848.00,2918.00,1984.00,2472.00,1246.00,1149.00,1216.00,554.00,708.00,989.00,5712.00,6095.00,4626.00,3110.00,1165.00,3352.00,3028.00,2311.00,2284.00,1467.00,1429.00,874.00,632.00,712.00,745.00
Guraghe,ET0701,SNNP,ET07,Ethiopia,ET,1786285.00,870362.00,915923.00,270202.00,288315.00,266301.00,143090.00,53601.00,125349.00,139463.00,107570.00,105106.00,71086.00,57649.00,44483.00,37355.00,30797.00,45916.00,135792.00,144898.00,133351.00,71308.00,26712.00,55728.00,61055.00,49104.00,51007.00,35808.00,26567.00,18146.00,19360.00,16157.00,25373.00,134406.00,143418.00,132945.00,71780.00,26888.00,69621.00,78411.00,58466.00,54096.00,35277.00,31083.00,26337.00,17997.00,14642.00,20549.00
Hadiya,ET0702,SNNP,ET07,Ethiopia,ET,1743785.00,867026.00,876757.00,264348.00,282066.00,260426.00,139525.00,52263.00,121767.00,135348.00,104679.00,102497.00,69486.00,56219.00,43320.00,36607.00,30180.00,45050.00,135586.00,144675.00,133142.00,70902.00,26559.00,55238.00,60376.00,48699.00,50742.00,35703.00,26436.00,18075.00,19369.00,16156.00,25379.00,128763.00,137392.00,127284.00,68631.00,25707.00,66527.00,74969.00,55976.00,51761.00,33782.00,29781.00,25246.00,17243.00,14029.00,19670.00
Kembata Tibaro,ET0703,SNNP,ET07,Ethiopia,ET,976649.00,480564.00,496084.00,143664.00,153296.00,143538.00,80983.00,30336.00,72764.00,80641.00,59681.00,58401.00,38447.00,31018.00,23496.00,19668.00,16204.00,24517.00,73302.00,78218.00,72003.00,40115.00,15028.00,32238.00,36085.00,28264.00,28558.00,19598.00,14807.00,10033.00,10246.00,8609.00,13451.00,70361.00,75079.00,71530.00,40866.00,15309.00,40526.00,44556.00,31417.00,29843.00,18849.00,16210.00,13462.00,9423.00,7593.00,11066.00
Gedeo,ET0705,SNNP,ET07,Ethiopia,ET,1206665.00,603921.00,602744.00,179284.00,191302.00,178242.00,98947.00,37067.00,88002.00,97672.00,73337.00,71768.00,47706.00,38507.00,29296.00,24634.00,20308.00,30597.00,92788.00,99008.00,91133.00,50120.00,18773.00,39930.00,44403.00,35062.00,35732.00,24699.00,18552.00,12605.00,13052.00,10944.00,17127.00,86497.00,92296.00,87109.00,48829.00,18292.00,48072.00,53270.00,38274.00,36036.00,23007.00,19953.00,16691.00,11581.00,9366.00,13472.00
Wolayita,ET0706,SNNP,ET07,Ethiopia,ET,2153501.00,1062732.00,1090768.00,318225.00,339554.00,317022.00,177528.00,66502.00,158849.00,176387.00,131494.00,128452.00,84932.00,68648.00,52157.00,43601.00,35948.00,54207.00,162405.00,173291.00,159524.00,88584.00,33182.00,71033.00,79374.00,62297.00,63080.00,43368.00,32719.00,22191.00,22736.00,19099.00,29841.00,155819.00,166265.00,157500.00,88945.00,33318.00,87818.00,97012.00,69194.00,65372.00,41565.00,35925.00,29967.00,20861.00,16848.00,24363.00
South Omo,ET0707,SNNP,ET07,Ethiopia,ET,785553.00,393208.00,392345.00,121365.00,129501.00,118561.00,61398.00,22999.00,52497.00,58433.00,46570.00,45659.00,31548.00,25552.00,19895.00,16934.00,13963.00,20680.00,62499.00,66688.00,61358.00,31706.00,11879.00,24167.00,25954.00,21394.00,22776.00,16296.00,11904.00,8189.00,9048.00,7513.00,11843.00,58869.00,62815.00,57203.00,29694.00,11124.00,28328.00,32481.00,25177.00,22884.00,15250.00,13647.00,11707.00,7884.00,6450.00,8833.00
Sheka,ET0708,SNNP,ET07,Ethiopia,ET,286408.00,144680.00,141728.00,42338.00,45175.00,42206.00,23645.00,8858.00,21113.00,23407.00,17441.00,17086.00,11302.00,9106.00,6897.00,5808.00,4788.00,7238.00,22145.00,23631.00,21752.00,12044.00,4512.00,9639.00,10756.00,8457.00,8581.00,5908.00,4452.00,3020.00,3105.00,2606.00,4075.00,20192.00,21545.00,20455.00,11601.00,4346.00,11473.00,12652.00,8985.00,8504.00,5395.00,4654.00,3875.00,2703.00,2182.00,3163.00
Kefa,ET0709,SNNP,ET07,Ethiopia,ET,1206785.00,594966.00,611822.00,184082.00,196419.00,180918.00,95813.00,35893.00,83138.00,92370.00,72090.00,70664.00,48198.00,39006.00,30191.00,25563.00,21069.00,31372.00,93690.00,99968.00,91991.00,48364.00,18116.00,37337.00,40516.00,32973.00,34668.00,24567.00,18086.00,12394.00,13456.00,11206.00,17632.00,90392.00,96448.00,88924.00,47450.00,17773.00,45801.00,51854.00,39117.00,35998.00,23630.00,20920.00,17794.00,12105.00,9863.00,13737.00
Gamo,ET0710,SNNP,ET07,Ethiopia,ET,1668746.00,826020.00,842724.00,250519.00,267311.00,247877.00,135081.00,50597.00,119069.00,132260.00,100809.00,98643.00,66232.00,53556.00,41053.00,34557.00,28486.00,42692.00,128096.00,136679.00,125797.00,68024.00,25480.00,53576.00,59057.00,47143.00,48593.00,33904.00,25279.00,17226.00,18164.00,15189.00,23820.00,122429.00,130630.00,122079.00,67055.00,25115.00,65489.00,73208.00,53666.00,50049.00,32330.00,28281.00,23826.00,16396.00,13297.00,18875.00
Bench Sheko,ET0711,SNNP,ET07,Ethiopia,ET,642201.00,317656.00,324544.00,95770.00,102190.00,95056.00,52402.00,19631.00,46483.00,51602.00,38946.00,38108.00,25421.00,20540.00,15683.00,13176.00,10862.00,16328.00,48987.00,52270.00,48112.00,26281.00,9844.00,20843.00,23098.00,18316.00,18751.00,13010.00,9745.00,6626.00,6912.00,5790.00,9067.00,46782.00,49920.00,46944.00,26120.00,9784.00,25642.00,28504.00,20629.00,19354.00,12413.00,10797.00,9054.00,6265.00,5070.00,7258.00
Alle,ET0712,SNNP,ET07,Ethiopia,ET,85518.00,41889.00,43629.00,12935.00,13802.00,12763.00,6859.00,2569.00,6006.00,6667.00,5135.00,5032.00,3404.00,2753.00,2122.00,1791.00,1475.00,2205.00,6551.00,6990.00,6433.00,3425.00,1283.00,2668.00,2915.00,2352.00,2451.00,1725.00,1277.00,873.00,936.00,780.00,1227.00,6383.00,6812.00,6330.00,3435.00,1287.00,3338.00,3751.00,2783.00,2581.00,1678.00,1476.00,1249.00,854.00,695.00,978.00
Konso,ET0713,SNNP,ET07,Ethiopia,ET,287325.00,139240.00,148085.00,44960.00,47973.00,43630.00,22029.00,8252.00,18615.00,20789.00,16944.00,16564.00,11591.00,9439.00,7435.00,6294.00,5191.00,7621.00,22380.00,23880.00,21968.00,11118.00,4164.00,8339.00,8838.00,7404.00,8005.00,5797.00,4195.00,2897.00,3269.00,2707.00,4277.00,22581.00,24094.00,21660.00,10912.00,4087.00,10274.00,11951.00,9540.00,8556.00,5794.00,5243.00,4539.00,3025.00,2484.00,3343.00
Halaba Special,ET0714,SNNP,ET07,Ethiopia,ET,349664.00,176299.00,173365.00,52301.00,55808.00,51851.00,28462.00,10662.00,25139.00,27905.00,21150.00,20718.00,13863.00,11187.00,8535.00,7208.00,5942.00,8932.00,27248.00,29076.00,26762.00,14558.00,5454.00,11513.00,12732.00,10123.00,10393.00,7227.00,5402.00,3679.00,3853.00,3226.00,5053.00,25053.00,26733.00,25089.00,13904.00,5209.00,13627.00,15174.00,11026.00,10325.00,6635.00,5784.00,4858.00,3354.00,2718.00,3879.00
Gofa,ET0715,SNNP,ET07,Ethiopia,ET,652371.00,326245.00,326126.00,99346.00,106006.00,97716.00,51943.00,19457.00,45100.00,50102.00,39002.00,38247.00,26045.00,21054.00,16252.00,13789.00,11368.00,16952.00,51259.00,54694.00,50332.00,26569.00,9954.00,20573.00,22378.00,18159.00,19037.00,13460.00,9926.00,6797.00,7351.00,6123.00,9630.00,48086.00,51309.00,47384.00,25371.00,9505.00,24526.00,27724.00,20841.00,19213.00,12588.00,11127.00,9455.00,6439.00,5246.00,7321.00
Basketo,ET0716,SNNP,ET07,Ethiopia,ET,80293.00,40305.00,39988.00,12157.00,12972.00,11993.00,6442.00,2413.00,5624.00,6241.00,4813.00,4724.00,3199.00,2582.00,1985.00,1684.00,1388.00,2077.00,6305.00,6727.00,6191.00,3295.00,1235.00,2566.00,2803.00,2262.00,2358.00,1660.00,1229.00,840.00,901.00,752.00,1181.00,5852.00,6244.00,5802.00,3147.00,1179.00,3058.00,3438.00,2551.00,2366.00,1538.00,1353.00,1145.00,784.00,637.00,897.00
Dawuro,ET0717,SNNP,ET07,Ethiopia,ET,671195.00,342824.00,328372.00,103695.00,110645.00,101305.00,52521.00,19675.00,44836.00,49908.00,39772.00,39025.00,26966.00,21808.00,16940.00,14468.00,11938.00,17698.00,54417.00,58068.00,53430.00,27674.00,10367.00,21131.00,22725.00,18698.00,19873.00,14204.00,10387.00,7138.00,7870.00,6539.00,10306.00,49274.00,52575.00,47878.00,24846.00,9307.00,23705.00,27183.00,21072.00,19150.00,12764.00,11421.00,9801.00,6598.00,5399.00,7394.00
Mirab Omo,ET0718,SNNP,ET07,Ethiopia,ET,273790.00,135135.00,138655.00,42085.00,44906.00,41223.00,21532.00,8066.00,18531.00,20597.00,16272.00,15959.00,10969.00,8880.00,6904.00,5862.00,4833.00,7171.00,21426.00,22864.00,21037.00,10921.00,4093.00,8353.00,8995.00,7388.00,7840.00,5595.00,4097.00,2813.00,3094.00,2574.00,4054.00,20661.00,22044.00,20188.00,10612.00,3974.00,10179.00,11604.00,8882.00,8119.00,5373.00,4785.00,4089.00,2766.00,2260.00,3118.00
Konta Special,ET0719,SNNP,ET07,Ethiopia,ET,126143.00,61847.00,64296.00,19095.00,20375.00,18836.00,10110.00,3787.00,8845.00,9815.00,7568.00,7419.00,5022.00,4061.00,3130.00,2645.00,2179.00,3256.00,9683.00,10331.00,9508.00,5053.00,1892.00,3931.00,4291.00,3467.00,3617.00,2548.00,1885.00,1290.00,1384.00,1155.00,1814.00,9412.00,10043.00,9328.00,5057.00,1895.00,4914.00,5524.00,4101.00,3803.00,2474.00,2176.00,1841.00,1261.00,1024.00,1442.00
Siltie,ET0720,SNNP,ET07,Ethiopia,ET,1203899.00,588821.00,615073.00,184877.00,197272.00,180937.00,94637.00,35452.00,81602.00,90946.00,71837.00,70208.00,48207.00,39152.00,30473.00,25703.00,21197.00,31393.00,93038.00,99277.00,91350.00,47721.00,17874.00,36671.00,39646.00,32414.00,34236.00,24346.00,17873.00,12266.00,13405.00,11149.00,17555.00,91842.00,97996.00,89587.00,46915.00,17575.00,44930.00,51304.00,39423.00,35972.00,23859.00,21281.00,18210.00,12300.00,10049.00,13837.00
Amaro,ET0721,SNNP,ET07,Ethiopia,ET,203444.00,103035.00,100409.00,31410.00,33515.00,30683.00,15920.00,5964.00,13610.00,15161.00,12074.00,11832.00,8170.00,6616.00,5143.00,4380.00,3613.00,5353.00,16340.00,17436.00,16043.00,8324.00,3118.00,6364.00,6851.00,5631.00,5976.00,4267.00,3123.00,2146.00,2362.00,1962.00,3092.00,15070.00,16080.00,14640.00,7596.00,2845.00,7245.00,8309.00,6444.00,5855.00,3903.00,3494.00,2998.00,2018.00,1651.00,2261.00
Burji,ET0722,SNNP,ET07,Ethiopia,ET,77812.00,39060.00,38753.00,11781.00,12571.00,11622.00,6243.00,2339.00,5450.00,6048.00,4665.00,4578.00,3100.00,2502.00,1923.00,1632.00,1345.00,2013.00,6110.00,6520.00,6000.00,3193.00,1196.00,2486.00,2717.00,2192.00,2286.00,1609.00,1191.00,814.00,873.00,728.00,1144.00,5671.00,6051.00,5622.00,3050.00,1142.00,2963.00,3331.00,2472.00,2292.00,1491.00,1311.00,1110.00,760.00,617.00,869.00
Derashe,ET0723,SNNP,ET07,Ethiopia,ET,145708.00,71372.00,74336.00,22039.00,23517.00,21745.00,11687.00,4378.00,10233.00,11359.00,8750.00,8574.00,5799.00,4691.00,3615.00,3051.00,2514.00,3756.00,11163.00,11910.00,10962.00,5835.00,2186.00,4546.00,4968.00,4008.00,4177.00,2939.00,2176.00,1488.00,1594.00,1330.00,2090.00,10877.00,11605.00,10784.00,5851.00,2192.00,5687.00,6391.00,4742.00,4398.00,2860.00,2515.00,2127.00,1456.00,1184.00,1666.00
Yem Special,ET0724,SNNP,ET07,Ethiopia,ET,108136.00,53936.00,54200.00,16306.00,17400.00,16131.00,8723.00,3268.00,7650.00,8468.00,6484.00,6376.00,4300.00,3464.00,2657.00,2258.00,1860.00,2791.00,8431.00,8995.00,8279.00,4412.00,1653.00,3439.00,3761.00,3032.00,3158.00,2220.00,1645.00,1124.00,1203.00,1004.00,1578.00,7876.00,8404.00,7852.00,4311.00,1615.00,4210.00,4706.00,3452.00,3219.00,2079.00,1819.00,1533.00,1055.00,855.00,1214.00
Nuwer,ET1201,Gambela,ET12,Ethiopia,ET,173207.00,92803.00,80405.00,25598.00,27312.00,25683.00,15069.00,5644.00,13557.00,12534.00,10461.00,10397.00,7374.00,6310.00,5314.00,2560.00,2548.00,2840.00,14183.00,15134.00,14865.00,8135.00,3048.00,6998.00,5600.00,4666.00,5256.00,3856.00,3459.00,2909.00,1490.00,1520.00,1682.00,11414.00,12179.00,10817.00,6932.00,2597.00,6560.00,6933.00,5795.00,5141.00,3519.00,2853.00,2405.00,1072.00,1027.00,1160.00
Agnewak,ET1202,Gambela,ET12,Ethiopia,ET,186845.00,94700.00,92142.00,25320.00,27018.00,25271.00,17740.00,6646.00,17493.00,18158.00,12894.00,11979.00,7641.00,5599.00,4190.00,2011.00,2126.00,2764.00,13707.00,14624.00,13401.00,8511.00,3188.00,7777.00,8778.00,6244.00,6050.00,3940.00,3132.00,1922.00,913.00,1044.00,1473.00,11613.00,12391.00,11868.00,9229.00,3456.00,9717.00,9380.00,6647.00,5926.00,3703.00,2464.00,2268.00,1100.00,1082.00,1291.00
Majang,ET1203,Gambela,ET12,Ethiopia,ET,85097.00,43785.00,41312.00,12511.00,13349.00,12520.00,7429.00,2783.00,6728.00,6303.00,5214.00,5138.00,3621.00,3073.00,2575.00,1236.00,1231.00,1383.00,6674.00,7121.00,6972.00,3843.00,1440.00,3316.00,2714.00,2238.00,2496.00,1820.00,1623.00,1348.00,689.00,705.00,788.00,5837.00,6228.00,5548.00,3586.00,1344.00,3412.00,3590.00,2978.00,2642.00,1802.00,1450.00,1227.00,549.00,526.00,595.00
Itang Special woreda,ET1204,Gambela,ET12,Ethiopia,ET,53065.00,26602.00,26463.00,7706.00,8222.00,7702.00,4692.00,1758.00,4313.00,4122.00,3322.00,3237.00,2246.00,1868.00,1545.00,741.00,743.00,849.00,4025.00,4295.00,4169.00,2343.00,878.00,2039.00,1765.00,1415.00,1543.00,1105.00,971.00,779.00,395.00,409.00,469.00,3680.00,3926.00,3533.00,2350.00,880.00,2274.00,2357.00,1907.00,1694.00,1141.00,896.00,766.00,346.00,333.00,380.00
Harari,ET1301,Harari,ET13,Ethiopia,ET,275491.00,138735.00,136758.00,36439.00,38881.00,36500.00,21043.00,7883.00,26677.00,23920.00,16601.00,18909.00,12382.00,9397.00,7532.00,6128.00,2905.00,10297.00,18359.00,19594.00,20195.00,10577.00,3963.00,11602.00,13363.00,7866.00,8985.00,7185.00,4781.00,4022.00,2615.00,1801.00,3821.00,18077.00,19287.00,16304.00,10464.00,3920.00,15075.00,10557.00,8734.00,9926.00,5198.00,4613.00,3510.00,3513.00,1102.00,6475.00
Region 14,ET1401,Addis Ababa,ET14,Ethiopia,ET,3780729.00,1784191.00,1996539.00,293691.00,313380.00,302506.00,319927.00,119842.00,512522.00,508885.00,343776.00,290052.00,181393.00,126475.00,112512.00,88338.00,88925.00,178505.00,157379.00,167927.00,141444.00,120383.00,45095.00,211983.00,243382.00,168362.00,152760.00,97069.00,65559.00,44666.00,35303.00,39627.00,93249.00,136314.00,145451.00,161063.00,199543.00,74748.00,300542.00,265501.00,175414.00,137292.00,84325.00,60916.00,67844.00,53038.00,49295.00,85256.00
Dire Dawa urban,ET1501,Dire Dawa,ET15,Ethiopia,ET,330009.00,166321.00,163688.00,34187.00,36477.00,36741.00,27911.00,10454.00,37583.00,34344.00,25961.00,20187.00,15490.00,13758.00,9877.00,7073.00,7410.00,12557.00,20241.00,21598.00,21448.00,11834.00,4432.00,15609.00,15275.00,14261.00,9437.00,6205.00,8037.00,5632.00,2913.00,2917.00,6482.00,13947.00,14880.00,15292.00,16075.00,6022.00,21970.00,19069.00,11701.00,10751.00,9285.00,5720.00,4245.00,4160.00,4494.00,6075.00
Dire Dawa rural,ET1502,Dire Dawa,ET15,Ethiopia,ET,193614.00,97300.00,96314.00,34507.00,36821.00,27857.00,12223.00,4578.00,12188.00,12196.00,10523.00,11542.00,9623.00,7700.00,4492.00,2053.00,3458.00,3852.00,17273.00,18432.00,13271.00,6865.00,2572.00,5999.00,5731.00,4850.00,5994.00,4583.00,3953.00,2678.00,1404.00,2171.00,1525.00,17234.00,18389.00,14586.00,5358.00,2007.00,6190.00,6466.00,5673.00,5548.00,5039.00,3747.00,1813.00,648.00,1287.00,2328.00
Sidama,ET1600,Sidama,ET16,Ethiopia,ET,4432226.00,2194968.00,2237262.00,668676.00,713498.00,660142.00,356637.00,133590.00,312836.00,347649.00,266935.00,261246.00,176260.00,142597.00,109622.00,92416.00,76188.00,113928.00,341828.00,364740.00,335682.00,180121.00,67470.00,141089.00,154872.00,124270.00,128786.00,90243.00,67046.00,45767.00,48650.00,40633.00,63775.00,326848.00,348758.00,324462.00,176519.00,66121.00,171749.00,192777.00,142664.00,132459.00,86019.00,75550.00,63853.00,43767.00,35561.00,50151.00
